{
  "urls": [
    "assets/default/sounds/en/main/sounds.ogg?c=efcdee2742",
    "assets/default/sounds/en/main/sounds.m4a?c=c9b60d955b"
  ],
  "sprite": {
    "anticipation": [
      0,
      6856.825396825398
    ],
    "backgrLoop": [
      7100,
      16695.646258503402
    ],
    "bangupLoop": [
      24200.000000000004,
      1891.995464852606
    ],
    "beerFillLoop": [
      26300,
      4562.99319727891
    ],
    "beerHit1": [
      31400,
      1500
    ],
    "beerHit2": [
      33500,
      1500
    ],
    "beerHit3": [
      35600,
      2690.8616780045377
    ],
    "beerHit4": [
      38700,
      2500
    ],
    "beerHover": [
      41800.00000000001,
      750
    ],
    "beerLoop": [
      42900.00000000001,
      13714.285714285716
    ],
    "beerLoopBangup": [
      57000.00000000001,
      1500
    ],
    "beerLoopEnd": [
      59100.00000000001,
      2798.8888888888896
    ],
    "beerPopupLabel": [
      62200.00000000001,
      6000.000000000007
    ],
    "beerPreloaderLoop": [
      68300.00000000001,
      13714.285714285708
    ],
    "beerWin": [
      82400,
      2874.988662131514
    ],
    "bigWinEnd": [
      85500,
      5717.460317460322
    ],
    "bigWinLoop": [
      91600.00000000001,
      12521.746031746034
    ],
    "bigWinStart": [
      104700.00000000001,
      3124.988662131514
    ],
    "cascade": [
      108800.00000000001,
      125.01133786848584
    ],
    "chanceActivatorHat": [
      109900.00000000001,
      6400.0000000000055
    ],
    "cloverHit1": [
      117000.00000000003,
      1500
    ],
    "cloverHit10": [
      119100.00000000003,
      1500
    ],
    "cloverHit11": [
      121200.00000000001,
      1500
    ],
    "cloverHit12": [
      123300.00000000001,
      1500
    ],
    "cloverHit2": [
      125400,
      1500
    ],
    "cloverHit3": [
      127500,
      1500
    ],
    "cloverHit4": [
      129600,
      1500
    ],
    "cloverHit5": [
      131700,
      1500
    ],
    "cloverHit6": [
      133799.99999999997,
      1500
    ],
    "cloverHit7": [
      135899.99999999997,
      1500
    ],
    "cloverHit8": [
      137999.99999999997,
      1500
    ],
    "cloverHit9": [
      140099.99999999997,
      1500
    ],
    "fairyArrow": [
      142199.99999999997,
      3000
    ],
    "fairyClick": [
      145299.99999999994,
      2000
    ],
    "fairyHit1": [
      147399.99999999994,
      1500
    ],
    "fairyHit2": [
      149499.99999999994,
      1500
    ],
    "fairyHit3": [
      151599.99999999994,
      2967.301587301591
    ],
    "fairyHit4": [
      154699.99999999994,
      1500
    ],
    "fairyHit5": [
      156799.9999999999,
      1500
    ],
    "fairyHit6": [
      158899.9999999999,
      1500
    ],
    "fairyHover": [
      160999.9999999999,
      1500
    ],
    "fairyLoop": [
      163099.9999999999,
      13714.285714285723
    ],
    "fairyMagicFx": [
      177199.99999999994,
      3093.174603174589
    ],
    "fairyPopUp": [
      181299.9999999999,
      8142.857142857139
    ],
    "fairyVoice": [
      190399.9999999999,
      1565.2380952381009
    ],
    "fairyWin": [
      192499.9999999999,
      3057.709750566886
    ],
    "freeSpinsStart": [
      196599.9999999999,
      5675.306122448973
    ],
    "fsHit1": [
      202699.9999999999,
      2351.4285714285847
    ],
    "fsHit2": [
      205799.9999999999,
      2351.4285714285847
    ],
    "fsHit3": [
      208899.99999999994,
      2351.4285714285847
    ],
    "fsHit4": [
      211999.99999999997,
      2351.4285714285847
    ],
    "fsInFs": [
      215100,
      3527.709750566885
    ],
    "fsLoop": [
      219200,
      28444.444444444456
    ],
    "fsParticleBurst": [
      248300,
      4000
    ],
    "fsPass": [
      252400,
      2000
    ],
    "fsPreloaderFx": [
      254500,
      5021.4512471655435
    ],
    "fsPreloaderLoop": [
      260600.00000000003,
      20210.52154195013
    ],
    "fsTilesFrame": [
      281700.00000000006,
      3250
    ],
    "gemRevealFx": [
      285800.00000000006,
      1714.2857142857224
    ],
    "glassAdd": [
      287900.0000000001,
      2000.9523809523557
    ],
    "hatHit1": [
      291000.00000000006,
      1900.2494331065805
    ],
    "hatHit10": [
      293100.00000000006,
      2000
    ],
    "hatHit11": [
      295200.0000000001,
      2000
    ],
    "hatHit12": [
      297300.0000000001,
      2000
    ],
    "hatHit2": [
      299400.0000000002,
      2000
    ],
    "hatHit3": [
      301500.0000000002,
      2000
    ],
    "hatHit4": [
      303600.0000000002,
      2000
    ],
    "hatHit5": [
      305700.00000000023,
      2000
    ],
    "hatHit6": [
      307800.00000000023,
      2000
    ],
    "hatHit7": [
      309900.00000000023,
      2000
    ],
    "hatHit8": [
      312000.0000000003,
      2000
    ],
    "hatHit9": [
      314100.0000000003,
      2000
    ],
    "horseshoeHit1": [
      316200.00000000035,
      1500
    ],
    "horseshoeHit10": [
      318300.00000000035,
      1500
    ],
    "horseshoeHit11": [
      320400.00000000035,
      1500
    ],
    "horseshoeHit12": [
      322500.0000000004,
      1500
    ],
    "horseshoeHit2": [
      324600.0000000004,
      1500
    ],
    "horseshoeHit3": [
      326700.00000000047,
      1500
    ],
    "horseshoeHit4": [
      328800.00000000047,
      1500
    ],
    "horseshoeHit5": [
      330900.00000000047,
      1500
    ],
    "horseshoeHit6": [
      333000.0000000005,
      1500
    ],
    "horseshoeHit7": [
      335100.0000000005,
      1500
    ],
    "horseshoeHit8": [
      337200.0000000006,
      1500
    ],
    "horseshoeHit9": [
      339300.0000000006,
      1500
    ],
    "introEnterGame": [
      341400.0000000006,
      7199.999999999989
    ],
    "jackSiren": [
      349500.0000000006,
      4864.580498866189
    ],
    "jpHit1": [
      354600.0000000005,
      3000
    ],
    "jpHit2": [
      357700.0000000006,
      3000
    ],
    "jpHit3": [
      360800.0000000006,
      2500
    ],
    "jpSpawn1": [
      363900.0000000006,
      3000
    ],
    "jpSpawn2": [
      367000.00000000064,
      3000
    ],
    "jpSpawn3": [
      370100.00000000064,
      3000
    ],
    "leprechaunLoop": [
      373200.0000000007,
      25600.000000000022
    ],
    "leprichaunBlowLong": [
      399300.0000000007,
      4769.637188208606
    ],
    "leprichaunBlowShort": [
      404400.00000000064,
      3631.6780045351607
    ],
    "leprichaunHide": [
      408500.0000000007,
      2475.215419501126
    ],
    "leprichaunPopup": [
      411600.00000000064,
      4586.893424036305
    ],
    "megaWinEnd": [
      416700.0000000007,
      9428.548752834446
    ],
    "megaWinLoop": [
      426800.00000000064,
      6857.142857142833
    ],
    "megaWinStart": [
      433900.0000000006,
      3124.9886621315
    ],
    "multiplier": [
      438000.0000000006,
      2000
    ],
    "multiplierSplash": [
      440100.0000000006,
      2374.9886621315
    ],
    "payTablePages": [
      443200.0000000006,
      1000
    ],
    "pickEnd": [
      444300.0000000006,
      1374.9886621315
    ],
    "pickStart": [
      446400.0000000005,
      2951.1111111111177
    ],
    "playButton": [
      449500.0000000006,
      1500
    ],
    "rainingTile1": [
      451600.0000000006,
      2000
    ],
    "rainingTile2": [
      453700.00000000064,
      2000
    ],
    "rainingTile3": [
      455800.00000000064,
      2000
    ],
    "rainingTile4": [
      457900.00000000064,
      2000
    ],
    "rainingTile5": [
      460000.0000000007,
      2000
    ],
    "rainingTile6": [
      462100.0000000007,
      2000
    ],
    "rainingTile7": [
      464200.0000000007,
      2000
    ],
    "reelSpinLoop": [
      466300.00000000076,
      16695.66893424036
    ],
    "reelSpinMechLoop": [
      483400.00000000076,
      7123.424036281165
    ],
    "reelStop": [
      491500.00000000076,
      500
    ],